id,first_name,last_name,email,gender,ip_address,age,city,country
1,Jeanette,Penddreth,jpenddreth0@census.gov,Female,26.58.248.185,91,Borghetto di Vara,Italy
2,Giavani,Frediani,gfrediani1@senate.gov,Male,229.179.4.212,61,Barra Mansa,Brazil
3,Noell,Bea,nbea2@imageshack.us,Female,180.66.162.255,49,Morro de São Paulo,Brazil
4,Willard,Valek,wvalek3@vk.com,Male,67.76.188.26,17,Fushë-Muhurr,Albania
5,Violette,Duerden,vduerden4@archive.org,Female,208.43.105.118,79,Gunderding,Austria
6,Susette,Millward,smillward5@google.ru,Female,2.128.221.13,85,Krasnovishersk,Russia
7,Yule,Tomkiss,ytomkiss6@webeden.co.uk,Male,93.208.34.14,76,Shuangfeng,China
8,Inesita,Thieme,ithieme7@forbes.com,Female,7.27.191.239,30,Wuyi,China
9,Noel,Strathman,nstrathman8@wikia.com,Male,43.58.178.117,27,Shuangfeng,China
10,Julieta,Hurdman,jhurdman9@google.pl,Female,30.255.154.86,48,Borghetto di Vara,Italy
11,Tammie,Bofield,tbofieldA@google.fr,Female,172.7.175.157,47,Barra Mansa,Brazil
12,Cordi,Pettegree,cpettegreeB@google.com,Female,97.58.137.214,86,Fushë-Muhurr,Albania
13,Nerty,Devereux,ndevereuxC@google.fr,Female,71.40.184.247,30,Gunderding,Austria
14,Ange,Drinkel,adrinkelD@google.com,Male,99.44.247.173,49,Krasnovishersk,Russia
15,Tammie,Swinburne,tswinburneE@google.fr,Female,240.17.173.115,85,Wuyi,China
16,Inesita,Pettegree,ipettegreeF@google.com,Female,97.58.137.214,30,Shuangfeng,China
17,Noel,Devereux,ndevereuxG@google.fr,Male,71.40.184.247,27,Barra Mansa,Brazil
18,Julieta,Bofield,jbofieldH@google.pl,Female,172.7.175.157,48,Borghetto di Vara,Italy
19,Tammie,Hurdman,thurdimanI@google.fr,Female,30.255.154.86,47,Fushë-Muhurr,Albania
20,Cordi,Tomkiss,ctomkissJ@google.com,Female,93.208.34.14,86,Gunderding,Austria
21,Jeanette,Penddreth,jpenddreth0@census.gov,Female,26.58.248.185,91,Borghetto di Vara,Italy
22,Giavani,Frediani,gfrediani1@senate.gov,Male,229.179.4.212,61,Barra Mansa,Brazil
23,Noell,Bea,nbea2@imageshack.us,Female,180.66.162.255,49,Morro de São Paulo,Brazil
24,Willard,Valek,wvalek3@vk.com,Male,67.76.188.26,17,Fushë-Muhurr,Albania
25,Violette,Duerden,vduerden4@archive.org,Female,208.43.105.118,79,Gunderding,Austria
26,Susette,Millward,smillward5@google.ru,Female,2.128.221.13,85,Krasnovishersk,Russia
27,Yule,Tomkiss,ytomkiss6@webeden.co.uk,Male,93.208.34.14,76,Shuangfeng,China
28,Inesita,Thieme,ithieme7@forbes.com,Female,7.27.191.239,30,Wuyi,China
29,Noel,Strathman,nstrathman8@wikia.com,Male,43.58.178.117,27,Shuangfeng,China
30,Julieta,Hurdman,jhurdman9@google.pl,Female,30.255.154.86,48,Borghetto di Vara,Italy
